fold,loss,accuracy,precision,recall,f1,specificity,tn,fp,fn,tp
1,0.041922278702259064,0.9885299801826477,0.995238184928894,0.9276888370513916,0.9602770557705584,0.9992201140044402,509933,398,6484,83184
2,0.040950413793325424,0.9883899688720703,0.9946765303611755,0.9272761940956116,0.9597945369767121,0.9991280169145124,509886,445,6521,83147
3,0.04189088195562363,0.9881333112716675,0.9955933094024658,0.9246897101402283,0.9588324997155827,0.9992808574843729,509963,367,6753,82916
4,0.04191296547651291,0.9882616400718689,0.9953240752220154,0.9258049130439758,0.9593066574323919,0.9992357886073717,509940,390,6653,83016
5,0.04145278409123421,0.9884949326515198,0.9957472085952759,0.9269750714302063,0.9601312104222823,0.9993043716810691,509975,355,6548,83120
