fold,loss,accuracy,precision,recall,f1,auc,specificity,tn,fp,fn,tp
1,0.04456934705376625,0.9884600043296814,0.996972918510437,0.9255921840667725,0.9599574392177481,0.9918796420097351,0.9995062028369823,510079,252,6672,82996
2,0.04436253011226654,0.9883216619491577,0.9972209930419922,0.9244323372840881,0.9594481106879971,0.992449939250946,0.999547352600567,510100,231,6776,82892
3,0.045467060059309006,0.9880916476249695,0.9972283840179443,0.9228830337524414,0.9586164043148241,0.9920158982276917,0.9995493112299885,510100,230,6915,82754
4,0.04549799859523773,0.9880949854850769,0.9967615604400635,0.9233402609825134,0.9586471553669536,0.9917958378791809,0.9994728900907256,510061,269,6874,82795
5,0.04606538638472557,0.9882599711418152,0.9965384602546692,0.9246553778648376,0.9592521310908404,0.9911050200462341,0.9994356592792899,510042,288,6756,82912
