Model,Accuracy,Precision,Recall,F1-Score,AUC-ROC,Accuracy_pct,Precision_pct,Recall_pct,F1-Score_pct,AUC-ROC_pct
CNN only,0.8279,0.8108,0.7109,0.7601,0.8887,82.79%,81.08%,71.09%,76.01%,88.87%
LSTM only,0.8713,0.7558,0.8666,0.8077,0.9318,87.13%,75.58%,86.66%,80.77%,93.18%
Weighted Voting,0.8593,0.7421,0.8247,0.781,0.9221,85.93%,74.21%,82.47%,78.10%,92.21%
Stacking Ensemble,0.8683,0.7686,0.8425,0.8039,0.9302,86.83%,76.86%,84.25%,80.39%,93.02%
Hybrid CNN-LSTM (Ours),0.8747777777777778,0.7423116428010392,0.8996777973052138,0.8134538352037608,0.9305579011654559,87.48%,74.23%,89.97%,81.35%,93.06%
